{
  "0": {
    "a": -89,
    "b": -91,
    "c": 90,
    "result": [
      -1.6393308787210212,
      0.6168589686086615
    ]
  },
  "1": {
    "a": 13,
    "b": -51,
    "c": -81,
    "result": [
      5.136188421276371,
      -1.2131114981994473
    ]
  },
  "2": {
    "a": -90,
    "b": 86,
    "c": 25,
    "result": [
      -0.2335937023337384,
      1.189149257889294
    ]
  },
  "3": {
    "a": 63,
    "b": -4,
    "c": -29,
    "result": [
      0.7109553300106244,
      -0.6474632665185609
    ]
  },
  "4": {
    "a": 96,
    "b": 20,
    "c": -35,
    "result": [
      0.5085600487438643,
      -0.7168933820771975
    ]
  },
  "5": {
    "a": 39,
    "b": -75,
    "c": 98,
    "result": null
  },
  "6": {
    "a": -46,
    "b": 28,
    "c": 84,
    "result": [
      -1.0808288975716513,
      1.6895245497455642
    ]
  },
  "7": {
    "a": 21,
    "b": 11,
    "c": -96,
    "result": [
      1.8921664244159135,
      -2.4159759482254373
    ]
  },
  "8": {
    "a": -67,
    "b": 35,
    "c": -62,
    "result": null
  },
  "9": {
    "a": -80,
    "b": -76,
    "c": -61,
    "result": null
  },
  "10": {
    "a": -79,
    "b": 58,
    "c": -93,
    "result": null
  },
  "11": {
    "a": 13,
    "b": -70,
    "c": 90,
    "result": [
      3.262784499007359,
      2.121830885608026
    ]
  },
  "12": {
    "a": 83,
    "b": 83,
    "c": -65,
    "result": [
      0.5164312717151524,
      -1.5164312717151522
    ]
  },
  "13": {
    "a": -4,
    "b": -90,
    "c": -93,
    "result": [
      -21.41427567512806,
      -1.0857243248719382
    ]
  },
  "14": {
    "a": -13,
    "b": 80,
    "c": -77,
    "result": [
      1.1942710383814743,
      4.95957511546468
    ]
  },
  "15": {
    "a": -30,
    "b": -91,
    "c": -51,
    "result": [
      -2.2914426199446307,
      -0.7418907133887027
    ]
  },
  "16": {
    "a": 23,
    "b": 52,
    "c": -91,
    "result": [
      1.157447324682238,
      -3.418316889899629
    ]
  },
  "17": {
    "a": 88,
    "b": -68,
    "c": 20,
    "result": null
  },
  "18": {
    "a": -9,
    "b": 4,
    "c": 0,
    "result": [
      -0.0,
      0.4444444444444444
    ]
  },
  "19": {
    "a": -69,
    "b": -4,
    "c": 62,
    "result": [
      -0.9773477187816165,
      0.919376704288863
    ]
  }
}