{
  "0": {
    "a": 34,
    "b": 6,
    "c": 71,
    "result": null
  },
  "1": {
    "a": -74,
    "b": -94,
    "c": -79,
    "result": null
  },
  "2": {
    "a": -90,
    "b": 12,
    "c": -9,
    "result": null
  },
  "3": {
    "a": 8,
    "b": 6,
    "c": -89,
    "result": [
      2.981430395524388,
      -3.731430395524388
    ]
  },
  "4": {
    "a": 25,
    "b": 0,
    "c": -82,
    "result": [
      1.8110770276274835,
      -1.8110770276274835
    ]
  },
  "5": {
    "a": -65,
    "b": -82,
    "c": 21,
    "result": [
      -1.4798550600951772,
      0.21831659855671565
    ]
  },
  "6": {
    "a": -72,
    "b": -98,
    "c": 91,
    "result": [
      -1.9947263028659725,
      0.6336151917548614
    ]
  },
  "7": {
    "a": -9,
    "b": -52,
    "c": 56,
    "result": [
      -6.705680897181704,
      0.927903119403926
    ]
  },
  "8": {
    "a": 15,
    "b": 56,
    "c": 54,
    "result": null
  },
  "9": {
    "a": -89,
    "b": -7,
    "c": -1,
    "result": null
  },
  "10": {
    "a": 82,
    "b": 13,
    "c": -65,
    "result": [
      0.8145809054786728,
      -0.9731174908445264
    ]
  },
  "11": {
    "a": -29,
    "b": 55,
    "c": -63,
    "result": null
  },
  "12": {
    "a": -59,
    "b": 66,
    "c": -47,
    "result": null
  },
  "13": {
    "a": 99,
    "b": 22,
    "c": 92,
    "result": null
  },
  "14": {
    "a": 65,
    "b": -33,
    "c": 48,
    "result": null
  },
  "15": {
    "a": 3,
    "b": -47,
    "c": 8,
    "result": [
      15.49456328970747,
      0.1721033769591974
    ]
  },
  "16": {
    "a": -84,
    "b": -68,
    "c": 22,
    "result": [
      -1.0572471240973675,
      0.24772331457355815
    ]
  },
  "17": {
    "a": 62,
    "b": -71,
    "c": -50,
    "result": [
      1.6376159535508974,
      -0.4924546632283167
    ]
  },
  "18": {
    "a": 4,
    "b": 4,
    "c": -92,
    "result": [
      4.3218253804964775,
      -5.3218253804964775
    ]
  },
  "19": {
    "a": -24,
    "b": 75,
    "c": 99,
    "result": [
      -1.0,
      4.125
    ]
  }
}