{
  "0": {
    "a": -87,
    "b": -63,
    "c": -5,
    "result": [
      -0.6334039456117903,
      -0.09073398542269248
    ]
  },
  "1": {
    "a": -97,
    "b": 39,
    "c": -70,
    "result": null
  },
  "2": {
    "a": 86,
    "b": 40,
    "c": 22,
    "result": null
  },
  "3": {
    "a": -55,
    "b": -67,
    "c": 1,
    "result": [
      -1.2329286714290095,
      0.014746853247191377
    ]
  },
  "4": {
    "a": -83,
    "b": -34,
    "c": -99,
    "result": null
  },
  "5": {
    "a": -90,
    "b": 41,
    "c": -26,
    "result": null
  },
  "6": {
    "a": -46,
    "b": 74,
    "c": -44,
    "result": null
  },
  "7": {
    "a": 2,
    "b": 18,
    "c": -32,
    "result": [
      1.5207972893961479,
      -10.520797289396148
    ]
  },
  "8": {
    "a": -94,
    "b": 40,
    "c": -8,
    "result": null
  },
  "9": {
    "a": -83,
    "b": -74,
    "c": -21,
    "result": null
  },
  "10": {
    "a": -9,
    "b": 27,
    "c": 26,
    "result": [
      -0.7669117514559072,
      3.7669117514559076
    ]
  },
  "11": {
    "a": -77,
    "b": -41,
    "c": -85,
    "result": null
  },
  "12": {
    "a": -38,
    "b": -72,
    "c": -79,
    "result": null
  },
  "13": {
    "a": 37,
    "b": -11,
    "c": -24,
    "result": [
      0.9676389229460411,
      -0.6703416256487438
    ]
  },
  "14": {
    "a": 67,
    "b": 98,
    "c": 39,
    "result": null
  },
  "15": {
    "a": 13,
    "b": -5,
    "c": -83,
    "result": [
      2.7263948323121743,
      -2.3417794476967897
    ]
  },
  "16": {
    "a": 29,
    "b": 54,
    "c": -77,
    "result": [
      0.9456641136810727,
      -2.807733079198314
    ]
  },
  "17": {
    "a": 22,
    "b": 56,
    "c": 95,
    "result": null
  },
  "18": {
    "a": -77,
    "b": -90,
    "c": -34,
    "result": null
  },
  "19": {
    "a": 72,
    "b": 72,
    "c": -73,
    "result": [
      0.6242281302693367,
      -1.6242281302693367
    ]
  }
}